transaction_id,transaction_date,description,category,amount,transaction_type
1,2023-01-21,Entertainment transaction,Entertainment,3822,Expense
2,2024-04-03,Salary transaction,Salary,9426,Income
3,2024-10-25,Utilities transaction,Utilities,2969,Expense
4,2023-12-10,Entertainment transaction,Entertainment,819,Expense
5,2023-07-11,Healthcare transaction,Healthcare,2483,Expense
6,2023-11-10,Rent transaction,Rent,4605,Expense
7,2024-07-14,Utilities transaction,Utilities,2954,Expense
8,2024-04-20,Dining transaction,Dining,2097,Expense
9,2024-11-17,Dining transaction,Dining,239,Expense
10,2024-05-19,Utilities transaction,Utilities,1317,Expense
11,2023-01-21,Salary transaction,Salary,13838,Income
12,2024-08-23,Groceries transaction,Groceries,2485,Expense
13,2023-12-12,Groceries transaction,Groceries,2091,Expense
14,2024-05-23,Freelance transaction,Freelance,20787,Income
15,2024-07-15,Transport transaction,Transport,3202,Expense
16,2024-01-25,Groceries transaction,Groceries,1071,Expense
17,2024-04-21,Freelance transaction,Freelance,12989,Income
18,2023-07-21,Groceries transaction,Groceries,211,Expense
19,2023-09-28,Healthcare transaction,Healthcare,4961,Expense
20,2024-12-02,Salary transaction,Salary,6016,Income
21,2023-02-22,Shopping transaction,Shopping,387,Expense
22,2023-07-07,Rent transaction,Rent,4909,Expense
23,2023-03-06,Rent transaction,Rent,2112,Expense
24,2024-10-09,Salary transaction,Salary,7027,Income
25,2024-01-27,Salary transaction,Salary,11736,Income
26,2024-05-04,Rent transaction,Rent,4524,Expense
27,2023-05-15,Rent transaction,Rent,3149,Expense
28,2023-02-17,Utilities transaction,Utilities,3154,Expense
29,2023-04-09,Healthcare transaction,Healthcare,854,Expense
30,2024-09-04,Healthcare transaction,Healthcare,1620,Expense
31,2023-01-05,Transport transaction,Transport,3890,Expense
32,2024-01-28,Dining transaction,Dining,4543,Expense
33,2024-11-21,Groceries transaction,Groceries,1534,Expense
34,2023-04-06,Salary transaction,Salary,13755,Income
35,2023-06-20,Entertainment transaction,Entertainment,1728,Expense
36,2024-11-29,Salary transaction,Salary,21198,Income
37,2024-11-12,Utilities transaction,Utilities,2675,Expense
38,2024-10-07,Rent transaction,Rent,3110,Expense
39,2023-12-06,Utilities transaction,Utilities,3677,Expense
40,2024-05-20,Transport transaction,Transport,1713,Expense
41,2023-07-09,Salary transaction,Salary,16494,Income
42,2024-09-24,Salary transaction,Salary,6306,Income
43,2023-12-25,Rent transaction,Rent,1332,Expense
44,2023-08-13,Salary transaction,Salary,8748,Income
45,2024-01-09,Freelance transaction,Freelance,5663,Income
46,2024-11-22,Freelance transaction,Freelance,8304,Income
47,2023-09-25,Rent transaction,Rent,4709,Expense
48,2024-09-16,Freelance transaction,Freelance,6636,Income
49,2023-01-02,Transport transaction,Transport,2210,Expense
50,2023-08-13,Healthcare transaction,Healthcare,904,Expense
51,2024-12-30,Healthcare transaction,Healthcare,1757,Expense
52,2024-03-14,Shopping transaction,Shopping,4981,Expense
53,2023-10-21,Transport transaction,Transport,4546,Expense
54,2024-05-25,Utilities transaction,Utilities,247,Expense
55,2023-07-06,Salary transaction,Salary,14339,Income
56,2024-02-07,Salary transaction,Salary,22043,Income
57,2023-05-28,Dining transaction,Dining,196,Expense
58,2024-10-01,Utilities transaction,Utilities,538,Expense
59,2024-04-17,Shopping transaction,Shopping,4786,Expense
60,2023-05-24,Salary transaction,Salary,21646,Income
61,2023-01-02,Rent transaction,Rent,3693,Expense
62,2024-03-28,Healthcare transaction,Healthcare,3773,Expense
63,2023-08-21,Transport transaction,Transport,2106,Expense
64,2023-05-11,Shopping transaction,Shopping,2305,Expense
65,2024-11-03,Healthcare transaction,Healthcare,3241,Expense
66,2024-02-24,Transport transaction,Transport,1698,Expense
67,2023-08-15,Utilities transaction,Utilities,303,Expense
68,2023-06-02,Rent transaction,Rent,148,Expense
69,2023-06-12,Freelance transaction,Freelance,16969,Income
70,2023-06-10,Rent transaction,Rent,4117,Expense
71,2024-05-18,Freelance transaction,Freelance,8987,Income
72,2024-02-05,Dining transaction,Dining,1268,Expense
73,2024-04-14,Shopping transaction,Shopping,4605,Expense
74,2023-02-07,Freelance transaction,Freelance,23077,Income
75,2023-10-10,Transport transaction,Transport,2535,Expense
76,2024-08-31,Entertainment transaction,Entertainment,4943,Expense
77,2024-10-20,Shopping transaction,Shopping,4598,Expense
78,2024-05-26,Shopping transaction,Shopping,3170,Expense
79,2024-04-21,Freelance transaction,Freelance,23589,Income
80,2023-02-06,Freelance transaction,Freelance,19434,Income
81,2023-06-30,Rent transaction,Rent,351,Expense
82,2023-07-10,Utilities transaction,Utilities,1189,Expense
83,2023-09-13,Shopping transaction,Shopping,1234,Expense
84,2024-07-19,Groceries transaction,Groceries,1866,Expense
85,2024-09-17,Shopping transaction,Shopping,2783,Expense
86,2024-09-30,Healthcare transaction,Healthcare,1736,Expense
87,2023-04-14,Groceries transaction,Groceries,4107,Expense
88,2023-06-25,Transport transaction,Transport,4391,Expense
89,2024-06-21,Groceries transaction,Groceries,2856,Expense
90,2024-06-08,Rent transaction,Rent,2505,Expense
91,2024-11-15,Salary transaction,Salary,17323,Income
92,2024-02-04,Freelance transaction,Freelance,11655,Income
93,2023-12-20,Salary transaction,Salary,18403,Income
94,2023-02-20,Salary transaction,Salary,5853,Income
95,2023-05-05,Dining transaction,Dining,3311,Expense
96,2024-11-12,Groceries transaction,Groceries,1765,Expense
97,2024-09-04,Healthcare transaction,Healthcare,2541,Expense
98,2024-09-11,Entertainment transaction,Entertainment,3101,Expense
99,2023-12-16,Utilities transaction,Utilities,4919,Expense
100,2024-01-05,Dining transaction,Dining,4414,Expense
101,2024-10-18,Healthcare transaction,Healthcare,1732,Expense
102,2023-02-27,Transport transaction,Transport,3725,Expense
103,2023-05-07,Salary transaction,Salary,13308,Income
104,2023-02-27,Entertainment transaction,Entertainment,1714,Expense
105,2023-04-06,Dining transaction,Dining,2899,Expense
106,2024-05-02,Shopping transaction,Shopping,3722,Expense
107,2023-07-08,Rent transaction,Rent,3393,Expense
108,2023-09-04,Dining transaction,Dining,630,Expense
109,2024-03-10,Freelance transaction,Freelance,6679,Income
110,2023-08-08,Rent transaction,Rent,3406,Expense
111,2024-03-28,Salary transaction,Salary,23525,Income
112,2023-12-07,Groceries transaction,Groceries,2529,Expense
113,2023-12-23,Rent transaction,Rent,1807,Expense
114,2023-06-29,Groceries transaction,Groceries,2899,Expense
115,2024-03-17,Groceries transaction,Groceries,3780,Expense
116,2024-05-30,Shopping transaction,Shopping,1398,Expense
117,2023-06-09,Shopping transaction,Shopping,4642,Expense
118,2024-11-20,Shopping transaction,Shopping,1981,Expense
119,2024-11-21,Rent transaction,Rent,4050,Expense
120,2023-02-12,Utilities transaction,Utilities,3963,Expense
121,2023-10-29,Salary transaction,Salary,10726,Income
122,2024-12-27,Salary transaction,Salary,7082,Income
123,2024-08-24,Freelance transaction,Freelance,21281,Income
124,2023-07-15,Transport transaction,Transport,666,Expense
125,2023-03-16,Groceries transaction,Groceries,1566,Expense
126,2023-10-04,Utilities transaction,Utilities,778,Expense
127,2024-04-01,Utilities transaction,Utilities,3515,Expense
128,2024-07-01,Transport transaction,Transport,1172,Expense
129,2024-10-25,Dining transaction,Dining,2193,Expense
130,2024-01-04,Shopping transaction,Shopping,4182,Expense
131,2023-09-30,Dining transaction,Dining,2964,Expense
132,2023-12-08,Utilities transaction,Utilities,778,Expense
133,2024-09-03,Salary transaction,Salary,19512,Income
134,2023-09-22,Salary transaction,Salary,9171,Income
135,2024-01-19,Healthcare transaction,Healthcare,2832,Expense
136,2023-03-10,Groceries transaction,Groceries,193,Expense
137,2024-04-13,Salary transaction,Salary,16130,Income
138,2024-07-22,Dining transaction,Dining,1217,Expense
139,2024-02-02,Salary transaction,Salary,16174,Income
140,2023-08-23,Entertainment transaction,Entertainment,782,Expense
141,2024-05-06,Dining transaction,Dining,1003,Expense
142,2023-06-23,Healthcare transaction,Healthcare,1592,Expense
143,2024-09-25,Groceries transaction,Groceries,3043,Expense
144,2023-12-31,Salary transaction,Salary,18807,Income
145,2024-05-25,Utilities transaction,Utilities,1730,Expense
146,2023-03-11,Entertainment transaction,Entertainment,1205,Expense
147,2023-07-01,Transport transaction,Transport,2973,Expense
148,2023-02-08,Groceries transaction,Groceries,3652,Expense
149,2023-08-08,Entertainment transaction,Entertainment,4798,Expense
150,2023-12-27,Utilities transaction,Utilities,505,Expense
151,2023-12-14,Transport transaction,Transport,2046,Expense
152,2024-01-04,Dining transaction,Dining,1581,Expense
153,2023-04-27,Salary transaction,Salary,10029,Income
154,2024-11-02,Utilities transaction,Utilities,4830,Expense
155,2023-08-01,Dining transaction,Dining,4225,Expense
156,2024-10-20,Entertainment transaction,Entertainment,1300,Expense
157,2023-11-01,Groceries transaction,Groceries,1306,Expense
158,2024-01-08,Dining transaction,Dining,3634,Expense
159,2024-04-15,Transport transaction,Transport,2753,Expense
160,2023-12-24,Freelance transaction,Freelance,6353,Income
161,2023-01-08,Utilities transaction,Utilities,4518,Expense
162,2024-11-28,Freelance transaction,Freelance,8719,Income
163,2023-02-10,Freelance transaction,Freelance,9964,Income
164,2023-05-25,Salary transaction,Salary,19837,Income
165,2024-07-11,Salary transaction,Salary,7779,Income
166,2023-09-13,Freelance transaction,Freelance,10713,Income
167,2023-08-30,Rent transaction,Rent,59,Expense
168,2024-01-09,Entertainment transaction,Entertainment,1065,Expense
169,2023-10-09,Shopping transaction,Shopping,4998,Expense
170,2024-04-05,Healthcare transaction,Healthcare,4834,Expense
171,2024-05-25,Salary transaction,Salary,12266,Income
172,2024-06-01,Freelance transaction,Freelance,20158,Income
173,2024-03-12,Entertainment transaction,Entertainment,1718,Expense
174,2024-12-14,Entertainment transaction,Entertainment,2774,Expense
175,2023-02-20,Rent transaction,Rent,2098,Expense
176,2024-05-02,Freelance transaction,Freelance,9544,Income
177,2023-06-03,Utilities transaction,Utilities,1624,Expense
178,2023-11-02,Healthcare transaction,Healthcare,2215,Expense
179,2024-01-24,Healthcare transaction,Healthcare,285,Expense
180,2024-02-05,Salary transaction,Salary,15040,Income
181,2023-07-26,Salary transaction,Salary,20254,Income
182,2023-03-16,Healthcare transaction,Healthcare,4723,Expense
183,2023-11-02,Freelance transaction,Freelance,18051,Income
184,2024-03-10,Healthcare transaction,Healthcare,1408,Expense
185,2023-06-15,Utilities transaction,Utilities,4394,Expense
186,2023-04-16,Dining transaction,Dining,4687,Expense
187,2023-05-18,Entertainment transaction,Entertainment,4942,Expense
188,2024-05-22,Groceries transaction,Groceries,2882,Expense
189,2023-02-22,Salary transaction,Salary,12941,Income
190,2023-02-12,Healthcare transaction,Healthcare,3868,Expense
191,2024-10-24,Salary transaction,Salary,11254,Income
192,2024-01-09,Salary transaction,Salary,11090,Income
193,2024-11-26,Utilities transaction,Utilities,4505,Expense
194,2024-10-28,Shopping transaction,Shopping,3316,Expense
195,2024-09-25,Groceries transaction,Groceries,4206,Expense
196,2024-11-12,Salary transaction,Salary,17891,Income
197,2024-05-27,Salary transaction,Salary,11981,Income
198,2023-02-15,Utilities transaction,Utilities,2443,Expense
199,2023-03-14,Healthcare transaction,Healthcare,1803,Expense
200,2023-08-02,Salary transaction,Salary,10240,Income
201,2023-02-17,Freelance transaction,Freelance,17394,Income
202,2023-01-08,Freelance transaction,Freelance,18568,Income
203,2023-10-30,Entertainment transaction,Entertainment,2816,Expense
204,2024-04-18,Healthcare transaction,Healthcare,575,Expense
205,2024-01-21,Healthcare transaction,Healthcare,3337,Expense
206,2023-12-29,Healthcare transaction,Healthcare,1696,Expense
207,2024-05-20,Entertainment transaction,Entertainment,3395,Expense
208,2023-07-11,Transport transaction,Transport,3136,Expense
209,2024-12-14,Salary transaction,Salary,15267,Income
210,2024-06-20,Rent transaction,Rent,175,Expense
211,2024-01-29,Utilities transaction,Utilities,1653,Expense
212,2023-04-21,Entertainment transaction,Entertainment,1219,Expense
213,2024-01-04,Healthcare transaction,Healthcare,4768,Expense
214,2024-09-04,Groceries transaction,Groceries,2522,Expense
215,2024-03-18,Groceries transaction,Groceries,1811,Expense
216,2024-01-12,Entertainment transaction,Entertainment,3862,Expense
217,2024-08-04,Freelance transaction,Freelance,23117,Income
218,2024-03-21,Freelance transaction,Freelance,16613,Income
219,2023-08-31,Salary transaction,Salary,18046,Income
220,2023-08-11,Salary transaction,Salary,15787,Income
221,2023-01-04,Utilities transaction,Utilities,4220,Expense
222,2024-05-18,Freelance transaction,Freelance,18917,Income
223,2024-12-15,Healthcare transaction,Healthcare,4339,Expense
224,2024-12-24,Transport transaction,Transport,1191,Expense
225,2023-01-01,Rent transaction,Rent,4704,Expense
226,2023-05-19,Shopping transaction,Shopping,1623,Expense
227,2023-09-16,Entertainment transaction,Entertainment,2076,Expense
228,2023-09-18,Freelance transaction,Freelance,5009,Income
229,2023-01-13,Freelance transaction,Freelance,12041,Income
230,2023-11-15,Utilities transaction,Utilities,370,Expense
231,2024-07-03,Rent transaction,Rent,2874,Expense
232,2024-08-03,Healthcare transaction,Healthcare,1168,Expense
233,2023-11-30,Utilities transaction,Utilities,2019,Expense
234,2024-06-30,Transport transaction,Transport,2685,Expense
235,2024-07-25,Shopping transaction,Shopping,3015,Expense
236,2023-08-17,Shopping transaction,Shopping,3900,Expense
237,2023-01-05,Freelance transaction,Freelance,20524,Income
238,2024-07-27,Freelance transaction,Freelance,12577,Income
239,2023-03-30,Entertainment transaction,Entertainment,1115,Expense
240,2024-09-07,Shopping transaction,Shopping,1368,Expense
241,2023-05-23,Transport transaction,Transport,4720,Expense
242,2024-05-17,Rent transaction,Rent,1298,Expense
243,2023-04-14,Entertainment transaction,Entertainment,3737,Expense
244,2024-10-07,Transport transaction,Transport,247,Expense
245,2024-04-22,Transport transaction,Transport,2085,Expense
246,2024-07-03,Utilities transaction,Utilities,2254,Expense
247,2023-10-16,Entertainment transaction,Entertainment,1000,Expense
248,2024-09-26,Freelance transaction,Freelance,9612,Income
249,2023-06-08,Healthcare transaction,Healthcare,2903,Expense
250,2024-10-09,Entertainment transaction,Entertainment,3278,Expense
251,2024-11-15,Salary transaction,Salary,23755,Income
252,2023-10-19,Dining transaction,Dining,2724,Expense
253,2024-10-21,Transport transaction,Transport,2166,Expense
254,2024-07-03,Freelance transaction,Freelance,16111,Income
255,2023-12-12,Salary transaction,Salary,5814,Income
256,2023-05-21,Utilities transaction,Utilities,2315,Expense
257,2024-09-14,Freelance transaction,Freelance,22368,Income
258,2023-12-22,Transport transaction,Transport,3581,Expense
259,2023-05-07,Entertainment transaction,Entertainment,2985,Expense
260,2023-02-20,Freelance transaction,Freelance,16641,Income
261,2024-12-26,Shopping transaction,Shopping,3418,Expense
262,2024-09-04,Rent transaction,Rent,2911,Expense
263,2023-01-01,Healthcare transaction,Healthcare,1255,Expense
264,2024-03-06,Dining transaction,Dining,2758,Expense
265,2023-11-09,Salary transaction,Salary,24891,Income
266,2024-07-28,Salary transaction,Salary,12970,Income
267,2024-01-21,Groceries transaction,Groceries,2172,Expense
268,2023-12-13,Transport transaction,Transport,467,Expense
269,2023-06-28,Transport transaction,Transport,1004,Expense
270,2023-06-29,Salary transaction,Salary,6990,Income
271,2023-03-04,Shopping transaction,Shopping,4430,Expense
272,2024-04-13,Freelance transaction,Freelance,15395,Income
273,2024-11-19,Rent transaction,Rent,3482,Expense
274,2023-12-26,Healthcare transaction,Healthcare,1774,Expense
275,2023-05-21,Rent transaction,Rent,1809,Expense
276,2024-12-23,Transport transaction,Transport,1001,Expense
277,2023-11-01,Healthcare transaction,Healthcare,2382,Expense
278,2024-02-28,Freelance transaction,Freelance,12311,Income
279,2023-07-13,Rent transaction,Rent,3107,Expense
280,2023-08-10,Rent transaction,Rent,2211,Expense
281,2023-02-24,Dining transaction,Dining,3385,Expense
282,2024-04-02,Shopping transaction,Shopping,4923,Expense
283,2023-03-28,Groceries transaction,Groceries,3501,Expense
284,2023-12-15,Shopping transaction,Shopping,3512,Expense
285,2024-03-18,Rent transaction,Rent,2856,Expense
286,2023-08-17,Shopping transaction,Shopping,3360,Expense
287,2023-09-21,Salary transaction,Salary,8054,Income
288,2023-04-30,Freelance transaction,Freelance,14503,Income
289,2024-05-14,Shopping transaction,Shopping,4597,Expense
290,2023-01-07,Entertainment transaction,Entertainment,872,Expense
291,2023-03-26,Rent transaction,Rent,2248,Expense
292,2024-07-01,Salary transaction,Salary,14106,Income
293,2024-12-09,Groceries transaction,Groceries,563,Expense
294,2024-12-07,Groceries transaction,Groceries,1459,Expense
295,2023-09-18,Utilities transaction,Utilities,1605,Expense
296,2023-12-30,Shopping transaction,Shopping,3627,Expense
297,2024-09-23,Freelance transaction,Freelance,20517,Income
298,2024-12-21,Dining transaction,Dining,4273,Expense
299,2024-06-04,Rent transaction,Rent,2623,Expense
300,2023-12-25,Entertainment transaction,Entertainment,1354,Expense
301,2023-01-04,Freelance transaction,Freelance,23925,Income
302,2024-09-01,Salary transaction,Salary,16372,Income
303,2023-02-10,Salary transaction,Salary,10475,Income
304,2024-08-21,Salary transaction,Salary,17875,Income
305,2023-10-14,Freelance transaction,Freelance,23458,Income
306,2023-09-25,Shopping transaction,Shopping,659,Expense
307,2024-11-15,Entertainment transaction,Entertainment,504,Expense
308,2024-09-25,Entertainment transaction,Entertainment,4847,Expense
309,2023-12-29,Groceries transaction,Groceries,3117,Expense
310,2024-01-06,Salary transaction,Salary,16555,Income
311,2023-04-23,Salary transaction,Salary,11819,Income
312,2023-11-06,Shopping transaction,Shopping,1300,Expense
313,2024-02-10,Dining transaction,Dining,2761,Expense
314,2024-07-01,Rent transaction,Rent,1835,Expense
315,2023-09-01,Transport transaction,Transport,1812,Expense
316,2024-04-26,Freelance transaction,Freelance,17652,Income
317,2023-03-14,Groceries transaction,Groceries,1574,Expense
318,2023-03-02,Salary transaction,Salary,6240,Income
319,2023-02-08,Groceries transaction,Groceries,4170,Expense
320,2023-04-18,Freelance transaction,Freelance,6252,Income
321,2024-06-07,Healthcare transaction,Healthcare,4247,Expense
322,2023-01-17,Utilities transaction,Utilities,4140,Expense
323,2023-11-14,Dining transaction,Dining,4157,Expense
324,2024-10-22,Transport transaction,Transport,4112,Expense
325,2024-12-10,Entertainment transaction,Entertainment,2471,Expense
326,2024-07-24,Groceries transaction,Groceries,3776,Expense
327,2023-10-15,Entertainment transaction,Entertainment,96,Expense
328,2023-03-27,Dining transaction,Dining,450,Expense
329,2024-09-20,Healthcare transaction,Healthcare,4480,Expense
330,2024-12-27,Transport transaction,Transport,1571,Expense
331,2024-02-06,Dining transaction,Dining,2469,Expense
332,2023-06-01,Dining transaction,Dining,1232,Expense
333,2023-05-11,Freelance transaction,Freelance,18409,Income
334,2023-12-30,Shopping transaction,Shopping,4328,Expense
335,2023-12-15,Shopping transaction,Shopping,3637,Expense
336,2023-06-10,Entertainment transaction,Entertainment,2819,Expense
337,2024-03-25,Groceries transaction,Groceries,1181,Expense
338,2024-02-18,Freelance transaction,Freelance,5545,Income
339,2024-08-30,Salary transaction,Salary,20775,Income
340,2023-01-29,Dining transaction,Dining,863,Expense
341,2023-09-02,Entertainment transaction,Entertainment,4463,Expense
342,2023-08-27,Shopping transaction,Shopping,3561,Expense
343,2023-12-25,Healthcare transaction,Healthcare,970,Expense
344,2023-01-03,Rent transaction,Rent,3810,Expense
345,2023-11-20,Shopping transaction,Shopping,2083,Expense
346,2024-12-05,Entertainment transaction,Entertainment,481,Expense
347,2024-02-03,Dining transaction,Dining,2682,Expense
348,2023-05-20,Shopping transaction,Shopping,1013,Expense
349,2024-01-15,Entertainment transaction,Entertainment,2158,Expense
350,2023-01-11,Shopping transaction,Shopping,3465,Expense
351,2024-07-24,Groceries transaction,Groceries,4917,Expense
352,2023-08-31,Entertainment transaction,Entertainment,934,Expense
353,2023-08-06,Groceries transaction,Groceries,4371,Expense
354,2024-05-31,Freelance transaction,Freelance,19199,Income
355,2024-11-19,Salary transaction,Salary,5726,Income
356,2024-07-26,Utilities transaction,Utilities,1963,Expense
357,2023-01-03,Salary transaction,Salary,19551,Income
358,2023-04-30,Healthcare transaction,Healthcare,4926,Expense
359,2024-08-02,Rent transaction,Rent,2426,Expense
360,2024-09-08,Groceries transaction,Groceries,1340,Expense
361,2024-06-24,Transport transaction,Transport,1037,Expense
362,2023-06-19,Rent transaction,Rent,1405,Expense
363,2023-09-18,Shopping transaction,Shopping,1610,Expense
364,2023-05-04,Groceries transaction,Groceries,1033,Expense
365,2023-06-25,Shopping transaction,Shopping,4022,Expense
366,2023-11-12,Healthcare transaction,Healthcare,86,Expense
367,2023-04-24,Freelance transaction,Freelance,17880,Income
368,2023-12-15,Shopping transaction,Shopping,367,Expense
369,2023-02-09,Transport transaction,Transport,1641,Expense
370,2023-10-16,Transport transaction,Transport,2046,Expense
371,2023-06-17,Transport transaction,Transport,2433,Expense
372,2023-12-29,Salary transaction,Salary,23088,Income
373,2023-12-22,Salary transaction,Salary,18481,Income
374,2023-01-07,Healthcare transaction,Healthcare,4845,Expense
375,2023-01-31,Entertainment transaction,Entertainment,875,Expense
376,2023-12-29,Groceries transaction,Groceries,2769,Expense
377,2023-03-23,Salary transaction,Salary,8998,Income
378,2024-06-07,Healthcare transaction,Healthcare,638,Expense
379,2023-04-23,Freelance transaction,Freelance,14882,Income
380,2024-03-23,Shopping transaction,Shopping,4845,Expense
381,2023-11-22,Transport transaction,Transport,1057,Expense
382,2024-02-16,Salary transaction,Salary,14439,Income
383,2023-10-05,Healthcare transaction,Healthcare,2134,Expense
384,2023-08-30,Shopping transaction,Shopping,4629,Expense
385,2024-06-07,Shopping transaction,Shopping,1090,Expense
386,2024-12-05,Freelance transaction,Freelance,14077,Income
387,2023-07-29,Freelance transaction,Freelance,21378,Income
388,2023-10-12,Shopping transaction,Shopping,736,Expense
389,2024-04-04,Transport transaction,Transport,2478,Expense
390,2024-10-07,Salary transaction,Salary,16296,Income
391,2024-04-03,Shopping transaction,Shopping,3044,Expense
392,2024-03-05,Groceries transaction,Groceries,3603,Expense
393,2023-09-28,Utilities transaction,Utilities,88,Expense
394,2023-05-10,Entertainment transaction,Entertainment,1148,Expense
395,2024-04-03,Utilities transaction,Utilities,3143,Expense
396,2024-03-15,Salary transaction,Salary,16645,Income
397,2023-03-25,Entertainment transaction,Entertainment,4076,Expense
398,2024-06-10,Rent transaction,Rent,4715,Expense
399,2024-06-07,Transport transaction,Transport,1905,Expense
400,2024-06-22,Utilities transaction,Utilities,2305,Expense
401,2024-10-18,Healthcare transaction,Healthcare,1034,Expense
402,2023-01-27,Freelance transaction,Freelance,13782,Income
403,2024-11-23,Utilities transaction,Utilities,4494,Expense
404,2024-07-11,Groceries transaction,Groceries,2996,Expense
405,2024-03-30,Healthcare transaction,Healthcare,2303,Expense
406,2024-06-04,Freelance transaction,Freelance,23259,Income
407,2024-05-15,Salary transaction,Salary,10109,Income
408,2024-01-30,Freelance transaction,Freelance,21967,Income
409,2023-10-01,Rent transaction,Rent,4217,Expense
410,2024-05-09,Groceries transaction,Groceries,1439,Expense
411,2023-04-12,Shopping transaction,Shopping,778,Expense
412,2024-11-21,Transport transaction,Transport,263,Expense
413,2023-02-15,Salary transaction,Salary,11731,Income
414,2023-03-27,Freelance transaction,Freelance,18621,Income
415,2023-08-30,Salary transaction,Salary,13905,Income
416,2024-08-11,Groceries transaction,Groceries,2898,Expense
417,2023-07-13,Freelance transaction,Freelance,24558,Income
418,2023-05-02,Groceries transaction,Groceries,1759,Expense
419,2024-03-03,Groceries transaction,Groceries,155,Expense
420,2024-09-26,Salary transaction,Salary,11082,Income
421,2023-12-25,Freelance transaction,Freelance,24528,Income
422,2023-09-21,Rent transaction,Rent,765,Expense
423,2023-03-25,Utilities transaction,Utilities,3439,Expense
424,2023-01-07,Transport transaction,Transport,2480,Expense
425,2024-01-25,Shopping transaction,Shopping,949,Expense
426,2024-05-29,Groceries transaction,Groceries,944,Expense
427,2023-01-12,Freelance transaction,Freelance,9109,Income
428,2023-10-28,Salary transaction,Salary,6560,Income
429,2023-12-22,Transport transaction,Transport,3688,Expense
430,2023-11-05,Entertainment transaction,Entertainment,3752,Expense
431,2024-12-23,Transport transaction,Transport,3715,Expense
432,2023-02-28,Freelance transaction,Freelance,7920,Income
433,2023-02-04,Groceries transaction,Groceries,804,Expense
434,2023-12-19,Freelance transaction,Freelance,18518,Income
435,2023-01-24,Rent transaction,Rent,208,Expense
436,2023-12-30,Utilities transaction,Utilities,2829,Expense
437,2024-08-30,Utilities transaction,Utilities,1762,Expense
438,2024-07-31,Groceries transaction,Groceries,3861,Expense
439,2023-10-22,Utilities transaction,Utilities,1847,Expense
440,2023-09-03,Salary transaction,Salary,17473,Income
441,2024-07-05,Transport transaction,Transport,579,Expense
442,2024-06-03,Rent transaction,Rent,2964,Expense
443,2024-06-09,Healthcare transaction,Healthcare,3419,Expense
444,2024-07-06,Dining transaction,Dining,2390,Expense
445,2023-01-14,Freelance transaction,Freelance,6646,Income
446,2023-05-10,Rent transaction,Rent,3205,Expense
447,2023-06-12,Salary transaction,Salary,7113,Income
448,2024-11-06,Dining transaction,Dining,4605,Expense
449,2023-01-10,Dining transaction,Dining,3516,Expense
450,2024-08-27,Freelance transaction,Freelance,15831,Income
451,2023-09-14,Healthcare transaction,Healthcare,3482,Expense
452,2024-07-29,Shopping transaction,Shopping,2410,Expense
453,2023-04-17,Utilities transaction,Utilities,3242,Expense
454,2023-11-01,Entertainment transaction,Entertainment,2262,Expense
455,2024-01-02,Utilities transaction,Utilities,2253,Expense
456,2023-11-30,Utilities transaction,Utilities,1324,Expense
457,2023-01-01,Salary transaction,Salary,5281,Income
458,2023-02-28,Freelance transaction,Freelance,15724,Income
459,2023-01-12,Rent transaction,Rent,1279,Expense
460,2023-08-04,Salary transaction,Salary,7289,Income
461,2023-08-05,Healthcare transaction,Healthcare,4115,Expense
462,2024-03-03,Rent transaction,Rent,3299,Expense
463,2023-12-02,Dining transaction,Dining,4453,Expense
464,2023-01-08,Utilities transaction,Utilities,4520,Expense
465,2024-10-30,Rent transaction,Rent,1064,Expense
466,2023-03-27,Entertainment transaction,Entertainment,1568,Expense
467,2023-04-29,Salary transaction,Salary,19646,Income
468,2023-04-24,Groceries transaction,Groceries,3535,Expense
469,2023-10-30,Freelance transaction,Freelance,8719,Income
470,2023-12-11,Utilities transaction,Utilities,1036,Expense
471,2023-05-27,Rent transaction,Rent,3122,Expense
472,2023-10-31,Healthcare transaction,Healthcare,3174,Expense
473,2024-12-04,Groceries transaction,Groceries,3341,Expense
474,2023-03-30,Salary transaction,Salary,12848,Income
475,2024-08-11,Rent transaction,Rent,3878,Expense
476,2023-04-12,Salary transaction,Salary,20740,Income
477,2024-03-29,Healthcare transaction,Healthcare,4164,Expense
478,2023-10-06,Entertainment transaction,Entertainment,1050,Expense
479,2023-12-10,Transport transaction,Transport,3762,Expense
480,2024-10-16,Salary transaction,Salary,24156,Income
481,2023-05-23,Groceries transaction,Groceries,4856,Expense
482,2023-11-01,Utilities transaction,Utilities,1490,Expense
483,2024-09-13,Transport transaction,Transport,3388,Expense
484,2023-01-03,Groceries transaction,Groceries,3039,Expense
485,2024-03-25,Shopping transaction,Shopping,2913,Expense
486,2024-10-26,Entertainment transaction,Entertainment,1227,Expense
487,2023-10-20,Groceries transaction,Groceries,4449,Expense
488,2023-02-12,Freelance transaction,Freelance,16022,Income
489,2023-12-30,Healthcare transaction,Healthcare,2595,Expense
490,2024-02-11,Entertainment transaction,Entertainment,70,Expense
491,2023-04-27,Shopping transaction,Shopping,1888,Expense
492,2023-02-20,Rent transaction,Rent,764,Expense
493,2024-04-14,Salary transaction,Salary,21524,Income
494,2024-01-08,Freelance transaction,Freelance,11012,Income
495,2023-06-05,Salary transaction,Salary,14884,Income
496,2024-02-24,Shopping transaction,Shopping,155,Expense
497,2024-08-11,Groceries transaction,Groceries,4066,Expense
498,2024-04-03,Rent transaction,Rent,4495,Expense
499,2023-02-08,Freelance transaction,Freelance,20945,Income
500,2023-08-29,Dining transaction,Dining,2409,Expense
501,2023-03-25,Groceries transaction,Groceries,85,Expense
502,2024-01-20,Dining transaction,Dining,1895,Expense
503,2023-05-21,Entertainment transaction,Entertainment,2988,Expense
504,2024-12-26,Healthcare transaction,Healthcare,1350,Expense
505,2023-01-10,Groceries transaction,Groceries,4666,Expense
506,2024-11-12,Salary transaction,Salary,14852,Income
507,2023-06-03,Shopping transaction,Shopping,1122,Expense
508,2024-10-25,Freelance transaction,Freelance,17337,Income
509,2023-05-26,Utilities transaction,Utilities,3323,Expense
510,2024-03-14,Groceries transaction,Groceries,3090,Expense
511,2024-04-27,Dining transaction,Dining,1634,Expense
512,2024-10-22,Rent transaction,Rent,680,Expense
513,2024-10-16,Freelance transaction,Freelance,7852,Income
514,2024-08-12,Salary transaction,Salary,14160,Income
515,2023-11-16,Rent transaction,Rent,819,Expense
516,2024-11-30,Salary transaction,Salary,16543,Income
517,2023-04-12,Utilities transaction,Utilities,1291,Expense
518,2023-12-19,Dining transaction,Dining,4181,Expense
519,2023-03-11,Rent transaction,Rent,1964,Expense
520,2024-07-14,Utilities transaction,Utilities,1854,Expense
521,2024-03-03,Utilities transaction,Utilities,2614,Expense
522,2024-07-15,Salary transaction,Salary,6735,Income
523,2023-02-27,Utilities transaction,Utilities,2478,Expense
524,2023-06-21,Healthcare transaction,Healthcare,2824,Expense
525,2023-12-20,Rent transaction,Rent,3924,Expense
526,2024-03-17,Utilities transaction,Utilities,711,Expense
527,2023-10-30,Entertainment transaction,Entertainment,2384,Expense
528,2024-03-21,Freelance transaction,Freelance,7665,Income
529,2023-01-12,Dining transaction,Dining,3009,Expense
530,2024-05-29,Utilities transaction,Utilities,3769,Expense
531,2024-09-18,Entertainment transaction,Entertainment,4493,Expense
532,2023-11-17,Salary transaction,Salary,13555,Income
533,2024-02-10,Entertainment transaction,Entertainment,4087,Expense
534,2023-06-10,Salary transaction,Salary,9895,Income
535,2024-05-23,Utilities transaction,Utilities,1573,Expense
536,2023-04-24,Salary transaction,Salary,10782,Income
537,2024-03-24,Rent transaction,Rent,390,Expense
538,2024-02-11,Utilities transaction,Utilities,1775,Expense
539,2023-09-19,Groceries transaction,Groceries,4456,Expense
540,2023-12-08,Transport transaction,Transport,2240,Expense
541,2023-01-12,Utilities transaction,Utilities,4635,Expense
542,2024-08-16,Groceries transaction,Groceries,2775,Expense
543,2024-10-31,Healthcare transaction,Healthcare,3337,Expense
544,2023-01-07,Transport transaction,Transport,3969,Expense
545,2024-02-09,Rent transaction,Rent,4544,Expense
546,2024-04-10,Salary transaction,Salary,24362,Income
547,2024-06-20,Groceries transaction,Groceries,4411,Expense
548,2023-04-05,Entertainment transaction,Entertainment,4309,Expense
549,2023-08-26,Healthcare transaction,Healthcare,4967,Expense
550,2023-01-25,Salary transaction,Salary,7530,Income
551,2024-06-20,Groceries transaction,Groceries,3014,Expense
552,2023-05-08,Salary transaction,Salary,12967,Income
553,2024-06-15,Entertainment transaction,Entertainment,592,Expense
554,2024-01-25,Utilities transaction,Utilities,2544,Expense
555,2024-10-24,Salary transaction,Salary,10179,Income
556,2024-04-11,Salary transaction,Salary,18828,Income
557,2024-11-20,Salary transaction,Salary,8850,Income
558,2023-03-24,Freelance transaction,Freelance,10078,Income
559,2023-06-05,Salary transaction,Salary,10448,Income
560,2024-08-31,Transport transaction,Transport,449,Expense
561,2023-12-25,Dining transaction,Dining,2198,Expense
562,2024-02-24,Salary transaction,Salary,14011,Income
563,2024-09-19,Dining transaction,Dining,1558,Expense
564,2024-04-27,Shopping transaction,Shopping,2094,Expense
565,2024-06-09,Utilities transaction,Utilities,3079,Expense
566,2024-10-06,Salary transaction,Salary,15837,Income
567,2023-09-03,Freelance transaction,Freelance,11548,Income
568,2023-03-06,Entertainment transaction,Entertainment,950,Expense
569,2024-05-07,Groceries transaction,Groceries,291,Expense
570,2024-11-02,Groceries transaction,Groceries,4318,Expense
571,2024-11-30,Transport transaction,Transport,4642,Expense
572,2023-07-02,Entertainment transaction,Entertainment,2405,Expense
573,2024-06-29,Freelance transaction,Freelance,10827,Income
574,2023-08-15,Utilities transaction,Utilities,643,Expense
575,2024-07-07,Utilities transaction,Utilities,3543,Expense
576,2023-04-15,Entertainment transaction,Entertainment,2722,Expense
577,2024-02-29,Freelance transaction,Freelance,5392,Income
578,2023-01-29,Utilities transaction,Utilities,3681,Expense
579,2023-10-11,Freelance transaction,Freelance,23663,Income
580,2024-12-26,Groceries transaction,Groceries,825,Expense
581,2023-06-22,Dining transaction,Dining,3976,Expense
582,2024-03-24,Freelance transaction,Freelance,12083,Income
583,2023-07-19,Shopping transaction,Shopping,4990,Expense
584,2024-09-12,Salary transaction,Salary,8456,Income
585,2023-01-17,Transport transaction,Transport,2761,Expense
586,2024-01-01,Entertainment transaction,Entertainment,4377,Expense
587,2023-07-30,Utilities transaction,Utilities,4544,Expense
588,2024-05-05,Utilities transaction,Utilities,612,Expense
589,2023-12-18,Entertainment transaction,Entertainment,2087,Expense
590,2024-09-14,Freelance transaction,Freelance,14765,Income
591,2024-10-09,Freelance transaction,Freelance,22630,Income
592,2024-04-07,Rent transaction,Rent,2426,Expense
593,2024-01-17,Salary transaction,Salary,23211,Income
594,2024-01-13,Salary transaction,Salary,17504,Income
595,2023-05-29,Dining transaction,Dining,419,Expense
596,2024-01-09,Salary transaction,Salary,22153,Income
597,2023-10-15,Shopping transaction,Shopping,4033,Expense
598,2024-06-05,Groceries transaction,Groceries,572,Expense
599,2024-10-26,Shopping transaction,Shopping,2280,Expense
600,2024-02-18,Healthcare transaction,Healthcare,3747,Expense
601,2024-03-10,Utilities transaction,Utilities,3409,Expense
602,2023-05-02,Shopping transaction,Shopping,4038,Expense
603,2024-05-11,Dining transaction,Dining,88,Expense
604,2024-02-01,Salary transaction,Salary,7196,Income
605,2023-10-29,Freelance transaction,Freelance,19215,Income
606,2023-08-24,Dining transaction,Dining,4808,Expense
607,2024-04-10,Freelance transaction,Freelance,15773,Income
608,2024-08-29,Salary transaction,Salary,20921,Income
609,2023-02-13,Dining transaction,Dining,4233,Expense
610,2024-12-01,Transport transaction,Transport,2518,Expense
611,2024-09-21,Transport transaction,Transport,752,Expense
612,2023-05-08,Entertainment transaction,Entertainment,1354,Expense
613,2023-07-05,Shopping transaction,Shopping,411,Expense
614,2024-03-24,Salary transaction,Salary,21898,Income
615,2024-05-05,Salary transaction,Salary,15047,Income
616,2023-10-29,Entertainment transaction,Entertainment,4017,Expense
617,2023-04-22,Transport transaction,Transport,3187,Expense
618,2024-08-20,Utilities transaction,Utilities,3029,Expense
619,2023-01-12,Groceries transaction,Groceries,2663,Expense
620,2024-03-12,Healthcare transaction,Healthcare,3539,Expense
621,2023-03-11,Transport transaction,Transport,4033,Expense
622,2023-05-12,Entertainment transaction,Entertainment,747,Expense
623,2024-06-19,Utilities transaction,Utilities,1093,Expense
624,2024-04-13,Freelance transaction,Freelance,6828,Income
625,2023-02-07,Salary transaction,Salary,19537,Income
626,2023-01-20,Freelance transaction,Freelance,6080,Income
627,2023-08-09,Dining transaction,Dining,2613,Expense
628,2024-11-28,Shopping transaction,Shopping,4481,Expense
629,2024-06-19,Utilities transaction,Utilities,4009,Expense
630,2023-03-01,Groceries transaction,Groceries,3309,Expense
631,2024-10-25,Dining transaction,Dining,4551,Expense
632,2024-12-04,Healthcare transaction,Healthcare,3024,Expense
633,2023-12-16,Entertainment transaction,Entertainment,4885,Expense
634,2023-05-26,Dining transaction,Dining,2578,Expense
635,2024-04-20,Rent transaction,Rent,2860,Expense
636,2023-04-28,Transport transaction,Transport,1069,Expense
637,2023-09-17,Rent transaction,Rent,4343,Expense
638,2024-02-03,Dining transaction,Dining,2060,Expense
639,2023-03-16,Healthcare transaction,Healthcare,2221,Expense
640,2024-05-19,Groceries transaction,Groceries,3521,Expense
641,2024-09-10,Groceries transaction,Groceries,2147,Expense
642,2024-07-16,Freelance transaction,Freelance,7757,Income
643,2023-10-29,Groceries transaction,Groceries,596,Expense
644,2023-02-18,Salary transaction,Salary,12999,Income
645,2024-08-04,Shopping transaction,Shopping,2453,Expense
646,2024-10-02,Healthcare transaction,Healthcare,3028,Expense
647,2023-07-01,Utilities transaction,Utilities,1911,Expense
648,2024-07-22,Freelance transaction,Freelance,9283,Income
649,2024-12-25,Shopping transaction,Shopping,4693,Expense
650,2024-02-18,Freelance transaction,Freelance,9713,Income
651,2023-08-08,Salary transaction,Salary,5162,Income
652,2023-07-01,Groceries transaction,Groceries,3521,Expense
653,2024-08-04,Rent transaction,Rent,254,Expense
654,2024-11-26,Salary transaction,Salary,10347,Income
655,2024-03-16,Freelance transaction,Freelance,23681,Income
656,2024-06-02,Groceries transaction,Groceries,4050,Expense
657,2024-11-02,Salary transaction,Salary,19289,Income
658,2023-07-18,Utilities transaction,Utilities,3776,Expense
659,2023-05-22,Groceries transaction,Groceries,2589,Expense
660,2023-05-11,Groceries transaction,Groceries,3702,Expense
661,2024-01-06,Entertainment transaction,Entertainment,2402,Expense
662,2024-03-20,Shopping transaction,Shopping,1981,Expense
663,2023-11-23,Freelance transaction,Freelance,20352,Income
664,2024-10-25,Rent transaction,Rent,4738,Expense
665,2023-02-12,Freelance transaction,Freelance,11171,Income
666,2024-06-12,Freelance transaction,Freelance,17464,Income
667,2024-09-01,Healthcare transaction,Healthcare,4343,Expense
668,2024-05-28,Entertainment transaction,Entertainment,3638,Expense
669,2023-04-08,Rent transaction,Rent,3187,Expense
670,2024-11-09,Transport transaction,Transport,4782,Expense
671,2024-10-11,Shopping transaction,Shopping,4716,Expense
672,2024-07-14,Transport transaction,Transport,1904,Expense
673,2024-06-15,Salary transaction,Salary,23708,Income
674,2023-08-01,Utilities transaction,Utilities,2841,Expense
675,2024-01-16,Utilities transaction,Utilities,831,Expense
676,2023-01-26,Groceries transaction,Groceries,3917,Expense
677,2023-02-13,Groceries transaction,Groceries,4020,Expense
678,2024-11-09,Utilities transaction,Utilities,2324,Expense
679,2023-06-27,Rent transaction,Rent,2476,Expense
680,2023-09-25,Salary transaction,Salary,7551,Income
681,2024-04-20,Shopping transaction,Shopping,2605,Expense
682,2023-08-26,Entertainment transaction,Entertainment,4704,Expense
683,2024-03-29,Groceries transaction,Groceries,4613,Expense
684,2024-01-22,Dining transaction,Dining,4993,Expense
685,2023-02-09,Transport transaction,Transport,1948,Expense
686,2024-06-03,Utilities transaction,Utilities,3250,Expense
687,2024-09-10,Utilities transaction,Utilities,737,Expense
688,2024-01-01,Healthcare transaction,Healthcare,3063,Expense
689,2023-01-16,Freelance transaction,Freelance,20149,Income
690,2024-06-16,Entertainment transaction,Entertainment,1960,Expense
691,2023-04-12,Groceries transaction,Groceries,1333,Expense
692,2024-10-01,Transport transaction,Transport,296,Expense
693,2023-07-15,Salary transaction,Salary,15592,Income
694,2024-10-06,Groceries transaction,Groceries,3119,Expense
695,2024-01-07,Utilities transaction,Utilities,314,Expense
696,2023-12-30,Healthcare transaction,Healthcare,3040,Expense
697,2024-08-10,Entertainment transaction,Entertainment,1204,Expense
698,2023-10-04,Groceries transaction,Groceries,4129,Expense
699,2024-06-29,Freelance transaction,Freelance,23099,Income
700,2023-11-10,Dining transaction,Dining,4483,Expense
701,2024-10-23,Dining transaction,Dining,3297,Expense
702,2023-10-16,Utilities transaction,Utilities,1724,Expense
703,2024-04-27,Freelance transaction,Freelance,6089,Income
704,2024-03-29,Utilities transaction,Utilities,1120,Expense
705,2024-10-01,Utilities transaction,Utilities,3880,Expense
706,2023-05-23,Utilities transaction,Utilities,491,Expense
707,2024-09-20,Salary transaction,Salary,14528,Income
708,2024-02-05,Utilities transaction,Utilities,509,Expense
709,2023-07-26,Transport transaction,Transport,1837,Expense
710,2023-08-07,Salary transaction,Salary,12418,Income
711,2024-07-11,Transport transaction,Transport,1427,Expense
712,2024-12-02,Utilities transaction,Utilities,4646,Expense
713,2024-05-21,Healthcare transaction,Healthcare,3967,Expense
714,2023-09-27,Rent transaction,Rent,473,Expense
715,2023-03-24,Dining transaction,Dining,4807,Expense
716,2023-10-02,Transport transaction,Transport,1499,Expense
717,2023-11-23,Utilities transaction,Utilities,2270,Expense
718,2024-09-27,Rent transaction,Rent,2860,Expense
719,2024-02-02,Utilities transaction,Utilities,4932,Expense
720,2024-11-06,Salary transaction,Salary,19140,Income
721,2023-11-16,Freelance transaction,Freelance,21648,Income
722,2023-11-30,Utilities transaction,Utilities,4966,Expense
723,2024-05-28,Utilities transaction,Utilities,117,Expense
724,2024-09-23,Healthcare transaction,Healthcare,4058,Expense
725,2023-03-03,Salary transaction,Salary,7524,Income
726,2023-02-04,Healthcare transaction,Healthcare,2365,Expense
727,2024-10-22,Freelance transaction,Freelance,6492,Income
728,2024-11-14,Freelance transaction,Freelance,17132,Income
729,2024-03-20,Salary transaction,Salary,12368,Income
730,2024-04-26,Salary transaction,Salary,14168,Income
731,2024-03-06,Rent transaction,Rent,392,Expense
732,2023-06-23,Freelance transaction,Freelance,16851,Income
733,2023-01-26,Rent transaction,Rent,4804,Expense
734,2024-06-16,Freelance transaction,Freelance,19567,Income
735,2024-10-30,Utilities transaction,Utilities,4650,Expense
736,2023-12-14,Dining transaction,Dining,1528,Expense
737,2024-08-01,Freelance transaction,Freelance,21300,Income
738,2023-06-11,Groceries transaction,Groceries,2057,Expense
739,2024-08-06,Rent transaction,Rent,1842,Expense
740,2024-10-26,Healthcare transaction,Healthcare,2311,Expense
741,2023-10-10,Salary transaction,Salary,13921,Income
742,2023-04-03,Freelance transaction,Freelance,17728,Income
743,2023-10-18,Transport transaction,Transport,191,Expense
744,2023-02-18,Utilities transaction,Utilities,4846,Expense
745,2024-07-08,Freelance transaction,Freelance,22543,Income
746,2023-12-07,Rent transaction,Rent,4747,Expense
747,2024-09-09,Shopping transaction,Shopping,4463,Expense
748,2023-12-10,Freelance transaction,Freelance,23184,Income
749,2024-07-24,Salary transaction,Salary,5855,Income
750,2024-12-04,Rent transaction,Rent,4542,Expense
751,2023-05-07,Transport transaction,Transport,1406,Expense
752,2024-09-11,Salary transaction,Salary,16431,Income
753,2023-04-19,Shopping transaction,Shopping,4601,Expense
754,2024-08-24,Shopping transaction,Shopping,3422,Expense
755,2023-06-02,Groceries transaction,Groceries,4665,Expense
756,2024-03-06,Dining transaction,Dining,3791,Expense
757,2024-10-19,Salary transaction,Salary,6875,Income
758,2024-09-30,Freelance transaction,Freelance,8744,Income
759,2024-02-16,Entertainment transaction,Entertainment,1824,Expense
760,2023-11-28,Rent transaction,Rent,3858,Expense
761,2023-04-15,Salary transaction,Salary,19376,Income
762,2023-09-23,Transport transaction,Transport,1916,Expense
763,2024-12-13,Transport transaction,Transport,3239,Expense
764,2023-03-25,Utilities transaction,Utilities,820,Expense
765,2024-08-27,Entertainment transaction,Entertainment,3635,Expense
766,2023-09-15,Freelance transaction,Freelance,11439,Income
767,2023-08-23,Freelance transaction,Freelance,23850,Income
768,2023-12-23,Entertainment transaction,Entertainment,2048,Expense
769,2023-08-11,Salary transaction,Salary,14342,Income
770,2023-10-04,Shopping transaction,Shopping,1869,Expense
771,2024-03-04,Groceries transaction,Groceries,2708,Expense
772,2024-09-25,Salary transaction,Salary,15213,Income
773,2024-03-26,Utilities transaction,Utilities,1939,Expense
774,2023-01-23,Utilities transaction,Utilities,3184,Expense
775,2023-04-28,Shopping transaction,Shopping,2091,Expense
776,2024-11-09,Rent transaction,Rent,1993,Expense
777,2023-01-07,Utilities transaction,Utilities,3030,Expense
778,2023-05-28,Freelance transaction,Freelance,23990,Income
779,2024-02-23,Groceries transaction,Groceries,963,Expense
780,2023-05-06,Dining transaction,Dining,3596,Expense
781,2024-07-29,Rent transaction,Rent,1879,Expense
782,2024-09-19,Groceries transaction,Groceries,3809,Expense
783,2023-01-31,Healthcare transaction,Healthcare,4978,Expense
784,2024-01-11,Entertainment transaction,Entertainment,1507,Expense
785,2024-10-27,Transport transaction,Transport,4702,Expense
786,2024-03-23,Freelance transaction,Freelance,9458,Income
787,2023-09-19,Transport transaction,Transport,1891,Expense
788,2024-06-25,Dining transaction,Dining,4390,Expense
789,2024-07-02,Freelance transaction,Freelance,23556,Income
790,2024-10-07,Entertainment transaction,Entertainment,3208,Expense
791,2023-03-18,Utilities transaction,Utilities,2466,Expense
792,2023-04-19,Healthcare transaction,Healthcare,1986,Expense
793,2023-03-10,Healthcare transaction,Healthcare,4213,Expense
794,2024-11-04,Salary transaction,Salary,6932,Income
795,2023-12-09,Salary transaction,Salary,10498,Income
796,2024-02-20,Groceries transaction,Groceries,1427,Expense
797,2024-01-18,Groceries transaction,Groceries,390,Expense
798,2023-12-25,Freelance transaction,Freelance,5138,Income
799,2023-10-07,Rent transaction,Rent,1677,Expense
800,2023-05-19,Entertainment transaction,Entertainment,1184,Expense
801,2023-04-14,Salary transaction,Salary,24554,Income
802,2023-06-14,Shopping transaction,Shopping,2884,Expense
803,2024-05-31,Shopping transaction,Shopping,1357,Expense
804,2024-10-20,Utilities transaction,Utilities,1959,Expense
805,2023-09-24,Salary transaction,Salary,6140,Income
806,2023-09-03,Dining transaction,Dining,3261,Expense
807,2024-05-31,Salary transaction,Salary,21859,Income
808,2024-07-11,Utilities transaction,Utilities,2010,Expense
809,2023-05-27,Freelance transaction,Freelance,5882,Income
810,2024-11-25,Utilities transaction,Utilities,4727,Expense
811,2024-02-21,Healthcare transaction,Healthcare,1660,Expense
812,2024-12-15,Dining transaction,Dining,4544,Expense
813,2024-04-09,Transport transaction,Transport,3875,Expense
814,2023-03-23,Healthcare transaction,Healthcare,3852,Expense
815,2023-12-31,Dining transaction,Dining,3872,Expense
816,2023-04-26,Dining transaction,Dining,1913,Expense
817,2023-05-27,Salary transaction,Salary,20072,Income
818,2023-01-13,Transport transaction,Transport,2540,Expense
819,2024-12-20,Entertainment transaction,Entertainment,2384,Expense
820,2024-12-26,Healthcare transaction,Healthcare,3470,Expense
821,2023-11-16,Healthcare transaction,Healthcare,3003,Expense
822,2023-07-13,Freelance transaction,Freelance,22611,Income
823,2023-10-13,Transport transaction,Transport,745,Expense
824,2023-01-19,Dining transaction,Dining,3284,Expense
825,2024-05-02,Freelance transaction,Freelance,9208,Income
826,2023-03-06,Salary transaction,Salary,17866,Income
827,2024-07-02,Entertainment transaction,Entertainment,3008,Expense
828,2023-07-07,Freelance transaction,Freelance,13068,Income
829,2024-11-06,Dining transaction,Dining,306,Expense
830,2024-06-18,Dining transaction,Dining,3225,Expense
831,2023-12-24,Healthcare transaction,Healthcare,463,Expense
832,2023-07-07,Shopping transaction,Shopping,959,Expense
833,2024-07-26,Shopping transaction,Shopping,2142,Expense
834,2024-10-18,Freelance transaction,Freelance,10185,Income
835,2024-04-18,Groceries transaction,Groceries,4595,Expense
836,2023-10-17,Dining transaction,Dining,2605,Expense
837,2024-09-23,Freelance transaction,Freelance,22622,Income
838,2023-08-19,Transport transaction,Transport,3751,Expense
839,2024-06-16,Rent transaction,Rent,486,Expense
840,2023-01-31,Salary transaction,Salary,20061,Income
841,2024-07-17,Dining transaction,Dining,1639,Expense
842,2023-02-22,Groceries transaction,Groceries,1061,Expense
843,2023-07-24,Healthcare transaction,Healthcare,2357,Expense
844,2024-09-22,Shopping transaction,Shopping,1085,Expense
845,2023-12-20,Freelance transaction,Freelance,9945,Income
846,2023-06-03,Rent transaction,Rent,1314,Expense
847,2023-07-28,Healthcare transaction,Healthcare,2391,Expense
848,2024-01-25,Freelance transaction,Freelance,19087,Income
849,2024-10-29,Salary transaction,Salary,10276,Income
850,2024-10-20,Salary transaction,Salary,10738,Income
851,2024-03-27,Groceries transaction,Groceries,4573,Expense
852,2023-05-21,Dining transaction,Dining,868,Expense
853,2024-07-21,Healthcare transaction,Healthcare,2721,Expense
854,2024-11-28,Entertainment transaction,Entertainment,2498,Expense
855,2024-12-29,Salary transaction,Salary,17091,Income
856,2024-12-25,Groceries transaction,Groceries,4168,Expense
857,2024-06-19,Entertainment transaction,Entertainment,978,Expense
858,2024-03-06,Rent transaction,Rent,3573,Expense
859,2024-12-23,Rent transaction,Rent,4678,Expense
860,2024-05-16,Groceries transaction,Groceries,1174,Expense
861,2024-07-06,Utilities transaction,Utilities,1073,Expense
862,2023-08-24,Shopping transaction,Shopping,276,Expense
863,2023-07-29,Salary transaction,Salary,18324,Income
864,2024-06-11,Utilities transaction,Utilities,2128,Expense
865,2023-04-10,Healthcare transaction,Healthcare,3943,Expense
866,2023-06-11,Entertainment transaction,Entertainment,1822,Expense
867,2023-05-29,Shopping transaction,Shopping,989,Expense
868,2023-03-06,Healthcare transaction,Healthcare,1511,Expense
869,2023-08-15,Utilities transaction,Utilities,284,Expense
870,2023-02-23,Rent transaction,Rent,4263,Expense
871,2024-08-08,Utilities transaction,Utilities,2150,Expense
872,2024-02-02,Salary transaction,Salary,24557,Income
873,2023-04-21,Rent transaction,Rent,436,Expense
874,2024-06-19,Utilities transaction,Utilities,3303,Expense
875,2024-01-13,Rent transaction,Rent,789,Expense
876,2023-04-29,Healthcare transaction,Healthcare,3954,Expense
877,2023-04-14,Dining transaction,Dining,2562,Expense
878,2024-05-16,Freelance transaction,Freelance,8866,Income
879,2024-11-04,Salary transaction,Salary,23606,Income
880,2024-10-26,Salary transaction,Salary,22908,Income
881,2024-09-29,Groceries transaction,Groceries,2616,Expense
882,2024-10-08,Shopping transaction,Shopping,4629,Expense
883,2023-06-09,Transport transaction,Transport,4602,Expense
884,2024-12-29,Rent transaction,Rent,3080,Expense
885,2023-02-28,Salary transaction,Salary,16477,Income
886,2024-05-03,Transport transaction,Transport,4046,Expense
887,2023-03-20,Groceries transaction,Groceries,3326,Expense
888,2024-08-24,Freelance transaction,Freelance,13707,Income
889,2024-08-30,Dining transaction,Dining,3766,Expense
890,2024-06-23,Transport transaction,Transport,3921,Expense
891,2023-12-28,Rent transaction,Rent,3320,Expense
892,2024-11-23,Rent transaction,Rent,510,Expense
893,2024-05-05,Utilities transaction,Utilities,3533,Expense
894,2023-08-04,Dining transaction,Dining,3223,Expense
895,2023-06-08,Rent transaction,Rent,2656,Expense
896,2023-01-05,Groceries transaction,Groceries,2891,Expense
897,2024-07-19,Rent transaction,Rent,2345,Expense
898,2023-01-15,Healthcare transaction,Healthcare,1996,Expense
899,2024-01-25,Groceries transaction,Groceries,2550,Expense
900,2024-08-12,Freelance transaction,Freelance,11353,Income
901,2023-01-03,Entertainment transaction,Entertainment,3344,Expense
902,2024-03-03,Salary transaction,Salary,15759,Income
903,2024-12-21,Utilities transaction,Utilities,3282,Expense
904,2024-10-29,Entertainment transaction,Entertainment,1596,Expense
905,2023-09-09,Rent transaction,Rent,4725,Expense
906,2023-11-28,Shopping transaction,Shopping,2543,Expense
907,2023-11-07,Salary transaction,Salary,12186,Income
908,2024-07-24,Freelance transaction,Freelance,5619,Income
909,2023-09-02,Rent transaction,Rent,4764,Expense
910,2023-05-21,Groceries transaction,Groceries,569,Expense
911,2024-05-09,Healthcare transaction,Healthcare,3473,Expense
912,2024-08-18,Salary transaction,Salary,17474,Income
913,2023-02-13,Healthcare transaction,Healthcare,135,Expense
914,2024-05-26,Freelance transaction,Freelance,23020,Income
915,2024-12-28,Dining transaction,Dining,2268,Expense
916,2024-07-20,Shopping transaction,Shopping,2419,Expense
917,2024-09-04,Transport transaction,Transport,2887,Expense
918,2024-10-14,Salary transaction,Salary,12618,Income
919,2023-09-04,Freelance transaction,Freelance,12927,Income
920,2024-11-02,Transport transaction,Transport,2226,Expense
921,2024-02-08,Dining transaction,Dining,3874,Expense
922,2023-12-25,Transport transaction,Transport,3746,Expense
923,2024-11-15,Healthcare transaction,Healthcare,4419,Expense
924,2023-04-01,Freelance transaction,Freelance,22076,Income
925,2023-02-27,Rent transaction,Rent,2211,Expense
926,2023-09-23,Utilities transaction,Utilities,3749,Expense
927,2023-07-12,Rent transaction,Rent,4250,Expense
928,2024-08-02,Freelance transaction,Freelance,6772,Income
929,2024-10-22,Transport transaction,Transport,2921,Expense
930,2024-02-07,Groceries transaction,Groceries,4004,Expense
931,2023-11-23,Salary transaction,Salary,15230,Income
932,2024-04-06,Entertainment transaction,Entertainment,4550,Expense
933,2024-02-03,Groceries transaction,Groceries,133,Expense
934,2024-07-06,Entertainment transaction,Entertainment,4366,Expense
935,2024-07-11,Freelance transaction,Freelance,21998,Income
936,2024-02-25,Salary transaction,Salary,21654,Income
937,2023-02-09,Dining transaction,Dining,3404,Expense
938,2024-06-19,Freelance transaction,Freelance,19300,Income
939,2023-10-17,Utilities transaction,Utilities,3956,Expense
940,2023-09-05,Dining transaction,Dining,3302,Expense
941,2023-09-11,Salary transaction,Salary,21964,Income
942,2024-05-23,Rent transaction,Rent,874,Expense
943,2024-10-11,Healthcare transaction,Healthcare,1430,Expense
944,2023-11-13,Salary transaction,Salary,24540,Income
945,2023-02-07,Shopping transaction,Shopping,391,Expense
946,2023-06-18,Utilities transaction,Utilities,2848,Expense
947,2023-11-02,Dining transaction,Dining,1899,Expense
948,2024-02-15,Entertainment transaction,Entertainment,1185,Expense
949,2023-02-16,Salary transaction,Salary,8450,Income
950,2024-05-18,Dining transaction,Dining,3649,Expense
951,2023-09-29,Healthcare transaction,Healthcare,2758,Expense
952,2023-02-01,Salary transaction,Salary,8273,Income
953,2024-06-04,Salary transaction,Salary,17541,Income
954,2024-12-26,Freelance transaction,Freelance,17297,Income
955,2023-06-02,Freelance transaction,Freelance,18422,Income
956,2023-07-10,Salary transaction,Salary,7800,Income
957,2024-05-03,Utilities transaction,Utilities,1154,Expense
958,2023-04-06,Groceries transaction,Groceries,4249,Expense
959,2024-02-11,Freelance transaction,Freelance,24456,Income
960,2023-11-09,Salary transaction,Salary,23045,Income
961,2024-04-21,Salary transaction,Salary,5680,Income
962,2023-12-06,Freelance transaction,Freelance,9357,Income
963,2024-07-28,Transport transaction,Transport,3458,Expense
964,2023-04-19,Shopping transaction,Shopping,224,Expense
965,2024-04-18,Rent transaction,Rent,3970,Expense
966,2024-03-27,Freelance transaction,Freelance,6151,Income
967,2024-02-23,Transport transaction,Transport,92,Expense
968,2024-11-04,Freelance transaction,Freelance,22677,Income
969,2023-06-17,Utilities transaction,Utilities,3436,Expense
970,2023-10-10,Salary transaction,Salary,22860,Income
971,2023-08-28,Shopping transaction,Shopping,4670,Expense
972,2024-12-16,Transport transaction,Transport,708,Expense
973,2023-03-30,Salary transaction,Salary,6481,Income
974,2023-11-09,Freelance transaction,Freelance,24477,Income
975,2024-01-10,Dining transaction,Dining,3327,Expense
976,2024-08-17,Shopping transaction,Shopping,3112,Expense
977,2023-05-04,Utilities transaction,Utilities,4609,Expense
978,2024-07-18,Freelance transaction,Freelance,24581,Income
979,2024-02-05,Transport transaction,Transport,189,Expense
980,2023-03-10,Entertainment transaction,Entertainment,2666,Expense
981,2023-11-14,Salary transaction,Salary,24488,Income
982,2024-12-26,Salary transaction,Salary,21402,Income
983,2024-07-12,Groceries transaction,Groceries,4111,Expense
984,2024-01-26,Rent transaction,Rent,3815,Expense
985,2023-05-08,Healthcare transaction,Healthcare,3524,Expense
986,2023-12-27,Shopping transaction,Shopping,2811,Expense
987,2023-01-17,Groceries transaction,Groceries,251,Expense
988,2023-03-23,Freelance transaction,Freelance,6988,Income
989,2024-11-19,Rent transaction,Rent,3852,Expense
990,2023-04-08,Transport transaction,Transport,2484,Expense
991,2023-06-15,Shopping transaction,Shopping,2683,Expense
992,2023-08-07,Transport transaction,Transport,3416,Expense
993,2024-07-06,Freelance transaction,Freelance,21346,Income
994,2024-01-02,Freelance transaction,Freelance,8554,Income
995,2023-05-14,Entertainment transaction,Entertainment,2899,Expense
996,2024-04-25,Freelance transaction,Freelance,17360,Income
997,2024-03-18,Healthcare transaction,Healthcare,4890,Expense
998,2024-02-17,Freelance transaction,Freelance,23689,Income
999,2023-09-23,Salary transaction,Salary,14369,Income
1000,2024-07-13,Transport transaction,Transport,4807,Expense
